Index,Image
18,iVBORw0KGgoAAAANSUhEUgAAABwAAAAcCAAAAABXZoBIAAABE0lEQVQoFXXBzyuDcQDH8ffHhJharRRLSXNYKydqJSUOUxSlxMlVycHFZUe1cuWwv8AOLors4qSUSVl2cFHzIwdWO2G1kq/N9ux5tvq+XjLYyWAng50MdtqLMew/BPIfVP3kcSm96sPDFHbOcIhY5ZPABFUjYVjoSSRxiBZ9L75wCYdocbB9ukST8AoVOucvaBJeqc3LGVzCI3zfO32FS3icLKe2DC7hCJbimffJUgWXaBrMDawd+79wCUf30cr5ImOPuIRjf/d59okWomH89nfqLljCS9R1FUKJJG1EXXo9O1emjfgXz3REH2gnaiI3/bwWczTki3D9TVnUbAwFRqMRqrIxmt5ksJPBTgY7GexksPsDpiNG/4t6btIAAAAASUVORK5CYII=
23,iVBORw0KGgoAAAANSUhEUgAAABwAAAAcCAAAAABXZoBIAAABdklEQVQoFXXBT2jOAQDG8e/jT3NwMG8uy2pvm5YLB0RysAjR5CBXWg7e0kt5tVamnUY2NG6kcVNS/pUSy0lxIFx2WCvvkl120Win9/H+nve9+nxkQrB+mZarh/cSMiFYt0LL2wO0yMSepTna+r/XewmZ+LnpycgCMfjizSFCJo5X+/5cfk1hojY2RsiEOPa449QzmmYGapOETAj2v1x75aZZXe/a/ZGQCQH77m29MUz/7HLfIiEToqnr28bx0eFrP3pMyIQodL/bcuRo9dEZEzIhYvP7MqsuTpmQCVE4+KHj3HijZ8GETIi2s/c/78CETIi2qeqtS5iQCdFW7z7xHBMyIVp2ffrd2cCETIhCaak28WoQTMiEaKncrkyDCZkQsWaysn0WTMiEiG1fF8srYEImRJy/Oz0EmJAJETMD10cAEzIhChvmSr3zgAmZEIWhB192NgATMiEKD0/fuUCTCZkQhfnyyac0mZAJ0dT5y6W/NJmQ+b9/GJp/AWw9ej8AAAAASUVORK5CYII=
64,iVBORw0KGgoAAAANSUhEUgAAABwAAAAcCAAAAABXZoBIAAABv0lEQVQoFXXBT0iTARjA4d9rKzWLUKLRpSKbO5Urow6FmacOxcAQOsRqgwgto6zWB0FgFIUSilAtgoG0GkVQB2nDQ2Z06aQJXhoIGZUlxWwOp2Zv+/6YFux5RClMlMIkGLz9dJ5F3lNlPa+xqIy7SQ0GZjAVu8dq+lenW2JYVKJBoLUT24berdT3Y1PZ/HgnjFZPYbnTxGjdR2wqLD/8wEW7oeR1nHV9qn+PQwXoDq7iRegr+J/zu/keC1Q8KfAOlTB84MuWZCXhDvdMGpsKpu1RH++ut29iwD9Z92MYmwpQyvS6xA7yBg5lWKQCrNRp1hrn4efGNEuo4Nj/EjKVE+DJfsamgqMnAEyEeqEsi00FW0s3pmxjgr9UsByLFs02PWoLM+tPskAFk2ukis5Wlt06I5nL93PYVDCdjDCyOwsc71rDh9oxLCrk7UuWcPQhpr039zAZMRDfICpARWIXXeewlZ++ylwoVux7iwoQP8KbWsUh3lduvXYFUIGG+Io5f2J9ZgpHY6QidyIGKmzrc/8KxFnKuMH83Ys5ldInB3nWwD+KjAvl9IWHpOoS39uy/Kem2ZP6ZohSmCiFiVLYH/HEnwExa28nAAAAAElFTkSuQmCC
69,iVBORw0KGgoAAAANSUhEUgAAABwAAAAcCAAAAABXZoBIAAABeklEQVQoFXXBTUjTYRzA8e9PyZd8PyhC1CFhqIwU9aD/8iBIQUgEooKIAw9GUKR48KDiUBQqGEWCkqC90EUjpUuQBSm4HWYj8KKbaEhGSGaCA5XJ4/PfbZvP5yMKM1GYicJMFGaiMBN32+0gBnKcctiwSKLkrP+Ia+TSZCfnyHGHhf7hQCWJUryrf4XcULrjNwncg851gdftvU+IVxDKbpkRKP++d/WQOHN3/VZEgGXL9YZYFSvS9B4BXK+814mR+qluuzSMAGnBy5YPLaNo7QRb6ztuLoCgPXvk6UEbdE/cR7vwo/RD8ykIWtFGoBLIeJl+x7EJtL2l/isgaEkHmc2zMNn4p2S+KUKSvyJQpQDB5umeaSHvZ/bjW+VT9yIXw3RMowk2azlc/GtgaL/Q+SXveVf9wnHJFpoQ5a1x+YI8HKPsc8HT2mqfhU2IevAieHRtz/EPyj5egdE+bEJUckdh/o2uJbTM8d2dwDdsojAThZkozERhJgqzM+DwcSbFseogAAAAAElFTkSuQmCC
71,iVBORw0KGgoAAAANSUhEUgAAABwAAAAcCAAAAABXZoBIAAABOklEQVQoFU3BsUuUARjH8e8PK1CiEMKLWxPH18GwlhLETQXfWQgahAZxUtC/wEI3l6aWcAoOdBAO1AbxDk4JLtxyFG2IxKlF/HXC83D3+cgEQXEwdwwmyQRBWTt9+w+TZIJg7Kh/eg+TZILg4cXQ1hImyQRBWeN2omGSTBCUNTgsb0gyQVAsLsBomyQTVPxk+Bdsz5NkgoDma3rJBAGLW/SSCQIeLy8N0iUTxL3zF3TJBNEx1H5Ol0wQ8OysQg+ZIGCgWdBDJoiOWslllSQTBOy/fMrnDySZIJjZFYy3SDJBMFl/wPn4X5JMEPC7wuonk2SCYGW9j3dfTZIJYnDnDVdVTJIJYmMZNlcwSSaI3Vl41cIkmaDi5BHfp+4wSSboy3tY+wgmyYThH0+4HvkDJsmEy5s6jW+ASf8Bl+hkAeRKNMoAAAAASUVORK5CYII=
73,iVBORw0KGgoAAAANSUhEUgAAABwAAAAcCAAAAABXZoBIAAABAElEQVQoFUXBIS9FYQDG8f8zRVB9AMFsJLtv0TTF6DbROcNsfBJjwj3vRJtO8wmE9wRBuYGiECXB9rjlmd9PJl43+sqcCZl/j3vMmZCJn8WX8guYkInaUUbAhExcXHJ4B5iQidKoPWBCJkrjaQcwIRObbQEBJmRCbYIAEzKhNkGACZnQzSlbz2BCJtQN9BVMyIS6gb6CCZlQN3B/ACZkQstfjAVMyIQwYwETMiHMWMCETAjzUT4xIRPCUEZMyISYrVJGTMiEGDqOp5iQCTF01B4TMiHOrrk9woRMiEkDYUImxFJbY//BhEwIpj3nVyZkQrDyxqx8EzIh4GR9+32X+AOfJ2wBToVg9AAAAABJRU5ErkJggg==
78,iVBORw0KGgoAAAANSUhEUgAAABwAAAAcCAAAAABXZoBIAAAB20lEQVQoFWXBbWjMAQDH8e9va7WTnJl4odC6WV6wteyFUCw0rQzTaWXeeHhBY0kbWRNLjb2xrZSaN2J12rKyGsljvHBsokh28kKLku3eTFPj5393e0j7fGQ669oamMsgM5HrygHmMMhU9oQGb3Twn5JTyWMgo2iMP+XPmBZJQDJ8vANklBtfw3CRmXW0M6v8EciIupUnaWtgxq47vC4zyAjmfVr2vjR70QgZTS00XTTICKgYYHcfUxa+Xc6qYYOM8sao6uPFRqYcuUZ8/V+DjPJ/cvnA0vHiz2QMVHCmFYOMCERjXDpN2uIv8wlNYJARgfC3UKKQtJpu+ncag4xIuXLi94ZBIgno3cPhLjDIiJTyB1l3qwzMT2ZPbnkOBhkBkQTxMkITQE03P5YABhmRFo1x6HokQSxK717AICPSil/lPNk2CfEyam8CBhmR0V/J1oeEhwpGS74CBhmRsfkx93aw+gNvSgkYZETGgncrRteOVPdwaz8Bg4yYcn87zS2tjdS3EzDIiLRIYt3LrNv7eqqpbydgkBHTPhZN5rQ2Ut9OwCAjph3sormwlvxRAgYZMa1gKEwgL0nAICNmnG8GvkfGCRhkxIzw02I4d4EUg4yYtens2K+rg6QY/gH4VrABopqepAAAAABJRU5ErkJggg==
81,iVBORw0KGgoAAAANSUhEUgAAABwAAAAcCAAAAABXZoBIAAABYUlEQVQoFXXBQYuMARgA4OfVFslpD1rbbnvAJCsrqVm3uXB0kH/goKSUGoVcHFYm5SRODi5OGy7KcXKgDdnNqFF7GQe09uYidl/zzTczn4vnicSb3jPWP2BrS2Fix/ZvRGJ9v6HuZ4Vjs29PIBL7FuYuT9m1W+XnHkQiFGYPzDzefIKNV3S+IxKhVOuuLRhKRCKUat1v9Z5SIhKhtHOtdv22UiISYej5mXZDKRGJMHS48+vgFwOJSIShyc7U2acGEpEII3eu3m0aSEQijNy6uVI3kIhEGLnw8MehTYVEJMLI0VVzPYVEJMLIkbW4ck8hEYkw9nF++ZxCIhJhbOnaysltfYlIhLHTL01/1ZeIRBg7/k6jrS8RiTA2vbx4Y0lfIhKh0mq2G/oSkQiVVvN9/Q8SkQiVVtPeDSQiESrNlvlPSEQiVCZOvbj4AIlIhMrk6syj80hEIvzj9eKl+0hE+r+/6vZ6AfxmERIAAAAASUVORK5CYII=
83,iVBORw0KGgoAAAANSUhEUgAAABwAAAAcCAAAAABXZoBIAAABsElEQVQoFWXBTUiTAQDG8f+zJuIyzFhlFyvoAzIICo8pDC+erOyD6lCIB2FEoF4rMDtECimtS6DopfAQSERLTAo7BBERjArSCELMlkmI5JB8elc08t3vJ4MIxJqPqYnxqb6ZRf4wyCCg9fomWFqsguXaDHkGGQQnUxUv+6ezc/uJ9j7uIs8ggzg9HGm7w18lG75vmwUMMij2es/lq4QYZNCpe1925AgxyKCOnnQjYQYZ1NGTbiTMIIMaHqy0jgDR0iUKDDKIW8ml0YEnrIvmKDDIIKLXOiO/pidHny9QYJBBwPaLuxIxrc6PvGBi1gQMMojKn8tAormuKg7cH07nwCCDKCg/e/hQPE66ZRaDDGKNeKJr71hyyiCDCFn/sH74nEEGEbb5fcWBDMggivRfGGgBGUSR+qcEZBBFajIEZBBFajIEZBBFOm/MbQUZ6j7OsFbZm92pJMgw1DQ4+WiZ/7T3kpgAGXSku+bd7bvz/HMmtXGodQVkEGVtlyqzN8c+/CCw78rxyLOjCwYZBGw537aTb9lxqg9WlawOdn/CIIPIK609UU1D+edXfO17Cxh+A4l0nwFb9i//AAAAAElFTkSuQmCC
133,iVBORw0KGgoAAAANSUhEUgAAABwAAAAcCAAAAABXZoBIAAABwUlEQVQoFXXBTUiTARzA4d9/4mg5yhgZjLAM1AZ5GkvCtohFqNQItmoSQYcxKoSI1vrAqGUh6xqSMPRkETkQhWwLL4HIMooOSZcoMWeUVozcBy5922b6GvE+jyhoEwVtoqBNKNG3uqsdPHUtG7NLrBGKqkasFI1y6M189v7LBUqEguaeHe9isSwdLZTMxG8mKRAgdKnioS8HzKQCSeze/fDlSed3ELDHDV23FikYn/UA1daai9t5HxhBKHvR1HsuT1F9yGt7RZkub7tzmEXnmBAMp+q+sWJDjhVH9t4g0SQMH+1up8ScNib5q+6tgVoxftza9pgSk3V0mVUDHvqk7VGu4QP/CwdBzj74tAuVzjIJ21I5jg2CRN0RP6pQ8MAEWzZP4fT6YhJ1R/yoIr5M+DZFV7s6ZHxfxI+q8ifK+R4KvlbVStQdb0Z1+VeLK90Zhj2vdRXSf+qHiVXmxrE5ff/xtCdW3nt64IS4hjKWadarHHKkzzQGMs6ElM9v6m7nHzXP6mHhQh/C3etLrc9ZY54F2wRcuQeCcfjg54YU6+y85ofBk3kENrqZi6EyuPSW3SZHwv5bFLSJgjZR0CYK2v4ALWmSM2v0wMwAAAAASUVORK5CYII=
135,iVBORw0KGgoAAAANSUhEUgAAABwAAAAcCAAAAABXZoBIAAABXklEQVQoFXXBSShEcRzA8e/PkiwHa3GbHKgZzUFRSDkhGURyc0GiKJkLppSM1MuJrFkS5UAhUpQacVHDTcrBFBnDkFKIw98yFN57n48ozInCnCjMCSHxLZ1JwNPa3oTih1h8QMp2RgzfzobmnwkRPqTuZPHl0h+eDavtF3wRi4+I8QYCY4thdewehKVrVVyXHfNJAMc6W80XhLg6EuG25Dgh+jUokOGN264P8KO2bXQh/K74CBBkP/8tz8tvZZvcZwZBqFuit48/apbB43hEWKl+sPr5w5ZbXU7DDGI9ihpu57+mSXz2R+l2U7jPfxX9acmtY7JaGbT70UkeaPIUieLEhp5T49kqipE29BJODwoaReFyY0C7avaKwuXGgObkXBQuNwY0J4hiuRYDlvESRHFiw0hP/4ZslQbsN+hFevKmpX5OugbRyzl8cwhTsS9dAXS6s3ZmRWFOFOZEYe4dKIFzm3vw5Q8AAAAASUVORK5CYII=
142,iVBORw0KGgoAAAANSUhEUgAAABwAAAAcCAAAAABXZoBIAAABz0lEQVQoFVXBTUhUYRSA4fdMIBVRkBjSNgxsYeD92oSGBAXV5CoMLGx3vwixxbQIN83GVgVRRNwv3AUVuCmmhIEI7G9zRnKhVoMUEWUtLKVICD3Nn3Z7HjGYnvHf+c9QVx8GYlS87X1HWhIfLxiIwcv9uBJpu57NdRuIgVOyj0hpbbv90xmIwWbds9BMRfssNd0TlJyBGIhGfMnfXySzSp0x7X6DGIhGwGzx2gcaDJyCGIhGVP04pNQZOAUxEI2oKXd/pcbAKYiB3DlFXen8C6oMnIIYSJwwOHqOq7BytEiFgVMQA4kTfICBXAdLrgwYOAUxkDjBB2DLzQGuX/gDBk5BDCRO8IGK5vF9POz/xbcWnIIYyJUcPlDV8nw3/XdJYpyCGIhG+EDN6dGmqdyT13txCmIgGuEDdWdvUR4aB6cgBqIRPtBwcSTDchNuEsRANMIH1gyPIIozEAPRiINPWff4yKuON85ADGTwBsI/rRNtzLtPIAY7xg4gbGWJhmMFGL4MYpDRztUNbLJl1tw7yeI2EIPDRYLnxBjrZtpZ2A5iEGLmu+ZIedBLiEEMQgw+kJLETHaCGBSyaN97Ui7l+bwTxKAnz5mPpG3M9oQp+AvF1rcBlK4e3QAAAABJRU5ErkJggg==
143,iVBORw0KGgoAAAANSUhEUgAAABwAAAAcCAAAAABXZoBIAAABwklEQVQoFUXBz2vWBRwH8NeHDlkHPQRG0bSLCsK6t1kUIiJIDNe+eoh+Ih5ShLDjovBgQwTFui1i1GE9X5wD8Q9Qtn5ARG0Q5rrIJFFBig4WIW+f59kze70qKH1HRw/NOvOjvqCCwtP7P9yh68HMe3qCCoo9Z3eysLh6aJdPPtYVVFCOTT1hfvYbnDh9/0ldQQXPzezm3S/1ffviwQ6CCpaHr83P/mLN8NLyC0Orggr+ffznve4YuL5t+wpBBe2Ef/7baKAz0bQEFRw/t9Dcsq4z0bQEFTSdm0MeWRxpWoIKXr7q9QvWxfM3CCqoaFo9Q6vGLioEFVQ0rYFL+y+9hqCCisPT1owuGJ9DUEHF4Wl9r8xvmhvXFVSw4zdvfqVrw9fjll69pyuooOn46aNFoyNjO11+566eoIKmY+D32UlrggqajoGyLqhg6w3nf9hy7BlOnb9lTVBBxdHPbX/jyGbXX7qjL6igom2wafLtp/46eUZPUEFF2+gZO7vVp1N/Dq0KKqhoG30b53b7bu/fBBVUtI2B0ydc2XdfUEFF21j32fuujf8aVFDRNh754q3Hbu9aQQU1teX7c/534IPRP57FQwsitAHTMi6lAAAAAElFTkSuQmCC
147,iVBORw0KGgoAAAANSUhEUgAAABwAAAAcCAAAAABXZoBIAAABmElEQVQoFXXBv0uUARzH8fc3Qbw6s8OCxraGsCmCfghmwbXUk9gvISiXbpDaFIJuqcjIv8CroJaEQHgoET0IowYhl/AfcGuxpAxDhe7T5w67HgdfrxAWWMu5wWuwMseL2RrCQljLwa97btw5Qm19NzZzaUNYCAvyb89Q+zE6fpLOnuvtLweFhbDIv+vh281pGrqn9pbGsRAWD8q12aEltlx+s9KJhbDC0r5HZf77naMuhM2foFilqfvDLupC1A1dfVylafgpDSHs9dn2vipNC8dmzmMhLD/fNTKWy63QcHixtfwQC2GRJpUS/3w6vXxoDQthkSaVEluejMTtZ8JCWKTJ1AUaCs/7YvriH2EhLNKEueW1GSheaVfl7ibCQlikidajDat9vv8eEBbCIk2+72/r7S3Ax1fUCQthkSYLx8kSFsJavnRVSmQJC2Gtm1RKZAkLYUcXqZTIEhbCBiYYGyFLWAgbmKBYJUtYCBu9R7FKlrAQNtn/68AGWcJC2GT/agfbCAthk/2rHWwjLIQNn/p5i22EhdjZX/HOlAFirZlBAAAAAElFTkSuQmCC
148,iVBORw0KGgoAAAANSUhEUgAAABwAAAAcCAAAAABXZoBIAAAB1UlEQVQoFW3BT2jPcRzH8eeroRaHNa2mpA+tKTYH+4nfRQ76pN9Ki4PE73tAuPwyOchS08q/peawwkJ9D7KTA/XT56C4aGys/KtNS5/lwIrlT61s7Y128Fl5PGRieeXiYHmOVNsLwGR1xf0ZrPvAP609pe/tzzHZtfbR17s3Pega/8WCZXtu18KWEUx2/NYch2/C3e73/FUzcIiZJUtb3mIyAcEDszueAqsvlLlx7nLW043JBATPH/P3Tk2uebz2x95H83k2cAyTCQierV+u72RysKP545EAT7ZPNGEyAcHjokpntwGNn4E8m2jCZAKCx0WoG2+AjvsGeTZTeGcyAcHjImwYqQVWfYLzXRSHTCYgeFyEmisbe5/x08AHikMmExA8LpLwgUtnTCYgeFxkQeO3GVg/WttfMZmA4HGR1FRDf8VkAoLHRVJTDS/bTCYgeFwk9XDXdL3JBASPi6T6OqfrTSYgeFwk1dc5XW8yAcHjIqm+ztniiExA8LhIat8gpapMQPC4SKowTKkqE3DiKi6SKgxTqsoEZDkukioMU6rKBGQ5LpJqGl1xdEAmIMs53csiY813DsgEZDmVfhYZa37TIhOwsux6vrLIq1aQif86uZmDvwFSjMAB3734CQAAAABJRU5ErkJggg==
182,iVBORw0KGgoAAAANSUhEUgAAABwAAAAcCAAAAABXZoBIAAABCUlEQVQoFWXBoWoXUBgH0PNFLxPXBfEBlIGKCBZBZCar+eLazFrdE9j+SbjFYhKjW1nTYjL4BAaDTbgM0Z/Dsnk9p8Kld1+e/rYKFXbfa9MqVDh4vnn2yypUePTqxlf/CRVG/375xCpUGF2bVqHCm8fatAoVjh5o0ypUGF2bVqHC6Nq0ChVG16ZVqDC6Nq1CheN72rQKFT7e0aZVqDC6Nq1ChdG1aRUqjK5Nq1BhdG1ahQqja9MqVBjdrU9WocLo9jdWocLo9jdWocLodg+tQoXRtenMlW8nCBVG16Z/bf/4SYXRtem8qw9f7r2mwuja/RcX3zq1c9OpC1s+X6fCk7s+7DRnbl/z1x8zqXcBZDfvpQAAAABJRU5ErkJggg==
184,iVBORw0KGgoAAAANSUhEUgAAABwAAAAcCAAAAABXZoBIAAAB70lEQVQoFVXBW0hTARzA4d+/2fAShpT00KoHQ3DQnlqu9dCIqLkGrUCkCCroWBAENaKHxmhIBSL4kHQ50YsQZBrrpqsMxMB8aEImS1HsukAiVKpNXR7WcefM1fdJdt41zD8CwbYOTDJX/HrfLAWR8FvnIgYJR3jupSASxjGCQYraD2muOMsiYRwjGITzzVwOIVkMTaHRrWkMQuV3xmrYGU+R89UWd2ISLA/9HIxi2tNddKEZk0Agyt0jmO414IthEtj1wtLvwbD+48qhWg2TANMVv+xJctpO034Ui0aOANEAmydZsr274seWKbzPyBGgJci3ngd9Gda+r5w/1sEyAVqC6Brulw46uHWKAgEcw78nqsoXM1LCqxMTFAhgT/R7qobL0N08O0+BAPZEv2fdh1KWTLXGRsgTwJ743Hl8DWjJjQLpi9czGASwJ6AvmmBhwHNg/yZQT0LVJCCAPPXhi5HjvuEg4+/FogGCTlG53QjV44D1WiOj7lmWCDpFpauevJ46Bv3TVKeTgk5R6aonr7x3G5ciUDIn6BSVNzv+kOd/AudaAUGnqAy5M+RZH3nJhq6AoFNU3jkzGGrGtVVde9FeXh0QdN4YrP6JYYPlE2WddcAdQbfice3Y7gVMttQMxU1nrCDk2FIz/M+lHP7yF3n5oZXYfs11AAAAAElFTkSuQmCC
188,iVBORw0KGgoAAAANSUhEUgAAABwAAAAcCAAAAABXZoBIAAABOElEQVQoFU3BIZNNcRgH4OdXBDPUDex+AoG6KxDMSFZwzmjCFquoiiIQFCPYURUz/zPCjZLCjmp8A3fLZjOC8ppz7pxzPU+K9S7W33Dw8dTKpJDifMd/npwYFVJcvr2LG0e+ctPdz0aFFDHqmnDVmUkhRYy6JrYKKWLUNbFVSBGjromtQooYdU1sFVLEqGtiq5AiRl0TW4UUMeqaB58sCilidOuLfrAopIhJefzeopAiJj+vDb1FIUVMWjf0FoUUMWndj+sWhRQxefVMLAopYtI1sSikiMmVMwenZoUUsVGevjUrpIiNMvRmhRSxsbo39GaFFLHx/MXQmxVSxEbXht6skCI2uvbhkVkhRbh04e9v7477wayQ4s7enzc75yfrlzvfz100+XWEFPetDk1WHLJ/8Hp/7yH+AYPHdAENrEfOAAAAAElFTkSuQmCC
192,iVBORw0KGgoAAAANSUhEUgAAABwAAAAcCAAAAABXZoBIAAABlUlEQVQoFVXBMWyMcQDG4d/bDgTFWSTH0BCqLjH2GpPTC5GG6K3kEhtFGpOcoaWNdmRgsIgjFkMvEYPkHAaDdpBISitBUuTEIE2vpwxNXvd9V72/55ERsU03E9ffZJKkEp97IZGpJpHRun5eJntPHeLn9DHWvEsho/O3CNTq1dd8mBnK15BR52CqC1gqw8k99wtVIp1fV5ARLZMDpRyrjIxouXtmrpvEAhEjI1ryxfn9y7s/ETEyouXAW7rnaDIyoqWjxumHNBkZEagcvjJBk5ERgWd9w2M0GRkRuDY8nabJyIjA0adfUnViRkYEdnyj7zkxIyMCHe93XrhNzMiI0FTPnbPEjIwIXR2pZIkZGREqjH/f9YeIkRGhbJnNS0SMjAjtnW07UiZiZMR/ZveNjBIxMkpWCTzpL+WIGJn29csExgsL24gYmQfFCv9sWSRbZusiDUaGi/fqrNr4i54pciUajMyNS6/OzbAmXyRXosHItF2e+D356DEN29PHuw62/0jP02BkpKETGV5UgYENQHnwIxHzF3GplQEkY1RSAAAAAElFTkSuQmCC
193,iVBORw0KGgoAAAANSUhEUgAAABwAAAAcCAAAAABXZoBIAAABjklEQVQoFU3BsYvTcBTA8e9DyA0dCnIZhCK4uniDgzhVoQ4NeEMWO+SG4kFwEYTDf0G4ycGhgktuKIIZLDRDHSrioIjizW5y6NAMnToE5fkezQ/7+YhiZO9HXrFDcaIYyYpJzg7FiWIkK84P2KE4UYxkRR0TXHnw5idOFCNZUccEw/nzxzhRjGRFHRMM5xc9nChGsqKOCY5fsiWKkayoY4LhnC1RjGRFHRO8GrMlipGsqGOCdffTLZwoRl48qmOCdbdMcaIYeXv//IBg3S1TnCjm0uebk5xg3R1NcaKYqGGS0xosGE1xopioYZLTGiyIGpwoJmq4947WYEHU4EQxFz14v2JrNr4TNThRTJny39fL16IGJ4o5OeXD6xVbx4NfV//gRDGjaVIRfL8xO1ScKGY0TSqC1f7sUHGimJPTpCJY7R+dKU4UU6ZJRev6t72jM8WJYso0qWj1l9xdKk4UU6ZJRau/pLNRnCimTJOK1tNndDaKE8WUaVLR6i/pbBQnirnd+/ib1vjhlyd/FfcPTP2SAZ/p5qcAAAAASUVORK5CYII=
199,iVBORw0KGgoAAAANSUhEUgAAABwAAAAcCAAAAABXZoBIAAAB50lEQVQoFW3BT0hTARzA8e/PxduSkbZwj1JMyCy9zEAjgqRCiCykbP0Ral2C3krqUFAQ3ToFHqKUd6hDUVKQQTt4iZUejIa3SFoqGNGIMRLJRj5Nf23PRX+2z0dUcHmbz4dXA8m2DCsUUQEz7Tl2JcTsBDRUjnZ8w6WIClA11MKbpwNfYP3+mtE4LkV0lWdh792Nr/piS7g8FTO4FFHDUzHl771MEUVUymIHrt9coIgiKt0DU81ZiimivkQoalOCItoZy1YsUYIi+iDy7AilKKIf63aPBOYW+YuZJkcRhWCG//nrprOKKAQz/KM60rbNTOxaQBSCGf5YG2475OeJE+kYQhSCGQrq33lxjf8MjbUi+mFLwyQFjSNVMP+W1zMnmnovIRrrPHOP3zbf3ndh4CswtcmyET19P1UTmFtkxdb3Y9vJcQzLRnRN0mycpGBdPLS8MwE4hmUjKjeuPe6moHW4nPY44BiWjajUJjn4EjNNXtM47XHAMSwbUaE/+vxs2kyTd65vsf4T4BiWjajgnagdPTUNlLX0HDeG95DjGJaNqMCGO4d/XB1M+V/sgGR7ihzHsGxEBfDdCge+Z8pNeNQzS97nastGVMirPBpuhrGL08u4BrssG1GhlMGuhycRFUqJ9s/7+AV9RbcBHm+NWwAAAABJRU5ErkJggg==
236,iVBORw0KGgoAAAANSUhEUgAAABwAAAAcCAAAAABXZoBIAAABYElEQVQoFV3BT2jNARwA8M/X6R1IlhQOL6mlvOS01Z4dVktyW3Hc/KkddlyR5EKRJOX4MhdyW1lxkJZdnl55tOh5UW47E5qWXvh6m5fe+30+kYSevefKZko+PV5czUQkYUvpyvl9elan24gkbNrxYT+dFoYOsDCLSELXkVsnbNx42sLo/Yr6OCIJDDd3ql38YcupRfVxRLLnz5fSu2GX7n3zz+H3L+dfI5Kw/e1BV6/pl4gk3L7gzfGv+iUiiYkV66efG5CIJJYnzd81KBHJSNNaWUEikpuXzdUc+qhfIpKFWZW2gkQkn3ertBUkInU1qooSkboaVUWJSF2NqqJEpK5GVVEi0qZKW0EikqUplbaCRCQzD83VFCQiGWlaKytIRBLLk7+OvTIoEUlMrGic/G5AIpLYVh/z4KwBiUjC6LNdv+9cX9cnEUlw9MWQn9NPOv5LRBIYO2NqqdV5tKEn8RfoAoUB8sPDrQAAAABJRU5ErkJggg==
242,iVBORw0KGgoAAAANSUhEUgAAABwAAAAcCAAAAABXZoBIAAABWElEQVQoFSXBL2vVUQDG8e+zcE0WubC9goFFHKccBQ+IGJb0BjnJMIawgeCtiyYRhJ/BP2UgvgJ9AQrmBYtgmME2LYI4gwjb43zO5yMTWq1l6/mz31y7AAdHhEzsb35+e/H+H3NuBd7fIGSGe/uzx0uGNwtCJj7Mtw+mO0/h8COvD3cImTi/fPljaoX/rnw6JmRCwNQKgwmZEKzvtsJgQiYEvbbCYEImBL22wmBCJgS9tsJgQiYEvbbCYEImBL22wmBCJgS9/nzIYEImBL3O7zKYkAlBr60wmJAJQa+tACurfDMhE4Jer9/a5Oba1dPtV4RMCHpdMjzaI2RC0OsS3s0vf33ywoRMCHq9vXF8+mBj7wgTMiHotRWYnZyACZkQ9NoKgwmZEPTaCoMJmRD02gqDCZkQ9NoKgwmZECxaK8z+csaETAiYFpd+rX3njAmZEDAt178QJv4BYt91AWeHprYAAAAASUVORK5CYII=
243,iVBORw0KGgoAAAANSUhEUgAAABwAAAAcCAAAAABXZoBIAAAB5ElEQVQoFU3BT0iTYRzA8e+v6cB0VEzwUI2iwKIsoR3eKHaQaBgb0h8ED9Gl6FKHgYHBc+nweFg1yCBK6BIUZULowLJIipDXkx0qNLFIpFOYRWwVMX5te/YOPx9Roaxze0/hS5aKF99ZvPGNMhWNLbN/MBlirX/DFwAVlb33dzcy/3YK50g0nEDNIKioPOhj4e7QH+rWtY0cLqanUNGuM+1jQ0XYds2/TnSFio0z7e87UNHChhJsWqV7Yr7zb3OBqtP3tO+RitJQgsgvchlOPKEmPB1/t09FOz4oFbkMxhI4OarJ56LSuqKU5TIYS6Bxbsed86Ky85NSlstgLHX51EpUVHDS4xhLXT4FooLj+RhLXT4FooLj+RhLXT4FooLj+RhLXT4FooLj+RhLIDQT/7pZVHB2zTYZS2B9gZFeUaFmKWYsgcRrbl4UFWqWYsYSuJTl1Kio4LQsthlLYKK71PJbVHA8H2Op2bLQNHtARQXH8zEWJ3T7rB4fU1HB8XyMxTk3zJsEKtpcpMrzMZaKUPJh5OfBOVQ0uqpUeD7GAq17LifR/hyoqBCOUBZ/xvgkHO2KgGYHABWNLV/tZy0tPL31ikPTqKhwZSBMVanE5I/i45c4KipAuoGe3qbPxz5Ss3UZ0P/4hsEBtw9MJgAAAABJRU5ErkJggg==
244,iVBORw0KGgoAAAANSUhEUgAAABwAAAAcCAAAAABXZoBIAAAA8UlEQVQoFVXBAW3cUBAFwFked0BcHvt5JEASHjYQl0eOx+sqiqr8mQqex/3y7dEH2tVGBe9PX4freLQf92FUsJzuv2++XfTnx5dRwXJ6fR2X130Zxy1GBctxe91+iVHB4rKLUcHSyy5GBdW97GJUUN3LLkYF1b3sYlRQ3csuRgXVvexiVFD99scuRgXVvfz2eMWooLqXb48XjpsYFVR/3MfDf+sSo4Lq02/vn2JUUH2+v47H5cdFjAqqz7KLUUH1WXYxKqg+yy5GBdVn2cWooPosuxgVVH887WJU8Dx62cWoYOllF6OCpZddjAqWXnYx/gG/+m0Bf/IoNAAAAABJRU5ErkJggg==
247,iVBORw0KGgoAAAANSUhEUgAAABwAAAAcCAAAAABXZoBIAAAB1UlEQVQoFT3BTUgUcRjA4d9bUJ5i2jq50cFDhRgdwg59sKQZ6ZAXJRyKtQKT0ktQRJc6FGR16RC1EIgoMVB4CZzC/ALJDhEICpFBRbQezEODLUGUb/93ZnefRxRHgA29J1v5OTFVUEAxojjCrsud20lM9C2BYkRxmrt6gJerLTrfyo+mRRQjSpnOd34G79DNxpW6kmJESS3cfkYiM77/1g3FiOJMNmvTDGXbPm3d/REjinN2KPaoenRx8DxGFOfp6dgjWyTVNkZKFCcIY4+qtjFSojhBGHtU3bs6fRQjihOEsUcqW2T28HAeI4oThLFHRcO7mvYXGFGcIIw9KmZyS/V/MaI4QRh7ONkiNI1v7B5WjChOEMYeqYbBxkLfumJEcYLwV+0aULMnc+fA+xOrKEYUJwhZ/vpnB5t2AtcHQDGiOEH478FC8TWJ38fmUIwoTv/DUkuurgdKd0u59snj64oRxRntyNcO8P3Vm2iFzcuZg28VI4oz2uHPnZn+toYZ6s6PKEYUZ7TDj6go9D4/pRhRnNkjfkRFsfbJBcWIkvAjyjJftuRHFCNKwo8o6wqp/6AYURJ+RCoztW/oHIoRJeFHpO5fYe8iihEl4UckBq5x6TEo5j/MJ7UBLu9eIAAAAABJRU5ErkJggg==
249,iVBORw0KGgoAAAANSUhEUgAAABwAAAAcCAAAAABXZoBIAAAB3ElEQVQoFWXBb0zMARzH8ff3rKyxzDTRg8RZkj9tdjuVrSeaB2WWmQed7TaZB0xhRjLLaIvRgyyeNIzSPPGw/JknRjXnkK3FWqPNCUlqNWadfNzd7yrl9TIZUyrqvaFBpgmTEed+MbniBzOEyYirqp38UPaYacJkOBIfrgmU9K9imjAZjqK2+yWBnO33mCJMhuNw/Zlz3vafWV+IEybDMeJaPcQt/6UTxAmTAdlJLze+ajwIaQPfM4dxCJMR0+TzvAZ7sK2mGocwGVHe9mcFzE8azegOu0eIESYjqvLCkctEXS87XkeMMBkRrs7N6SGiNgWf5xEjTEZE4aNA/h9iOjy5XUQJkxFxe8/emziO1TX7iRImA5a9n8j8iiOxP23dGyKEyYCT5+/4mHK2+ko5EcJkQNCz+y4Od8auA0OlW1t6ECaD/Keu8ASOxASiPqchTAYtPsIfly4I/SaiK5RS6hpuPIUwGfP6Vu7s6UtP7g3jCHoqGkCYjOLWQJ74R1Xttf0gTEb3+qP1qYPMSP6WkDyOMFnuE2W/Y5a2osqLCJPVnA56ma249dPaMWFa0pvib2a2RW+XH7oqTP6m0cXM5WsZyBrH1LHlxj7mWti5oaEcUypjv/hPYU7BDv4CHQC3AVPU4iwAAAAASUVORK5CYII=
259,iVBORw0KGgoAAAANSUhEUgAAABwAAAAcCAAAAABXZoBIAAAAb0lEQVQoFXXBywpBAQBF0b1JCV2vkch3+XhRBmZKZHyYGpy1DJ2hM3SGztAZOkNn6AydoTN0hs7QeToyvIbdZbXh/JmyvT7uvG9Pfpbyb+thvhv2o/F6NlkYOkNn6AydoTN0hs7QGTpDZ+gMnaH7AivcJMDWRd25AAAAAElFTkSuQmCC
